CustomerID,Age,AnnualIncome,SpendingScore,WebVisits,DaysSinceLastPurchase,EmailsOpened,AdClicks,SocialMediaInteractions,AvgSessionDuration,ItemsInCart
CUST-0001,56,134,36,0,7,21,13,21,2.5,0
CUST-0002,69,34,97,20,234,19,5,125,2.43,14
CUST-0003,46,138,36,28,107,7,11,156,12.2,8
CUST-0004,32,47,3,8,160,28,15,168,11.25,6
CUST-0005,60,58,73,28,208,39,16,41,10.15,9
CUST-0006,25,36,8,8,239,89,44,97,15.24,11
CUST-0007,38,105,97,3,330,29,22,192,10.3,8
CUST-0008,56,145,70,2,332,80,13,30,6.58,6
CUST-0009,36,63,41,16,49,83,6,157,9.97,1
CUST-0010,40,44,68,1,10,54,45,111,29.27,14
CUST-0011,28,32,13,23,350,15,31,145,12.92,5
CUST-0012,28,44,49,0,155,45,14,121,13.9,9
CUST-0013,41,87,60,7,69,61,43,16,17.72,11
CUST-0014,53,86,2,12,168,6,16,37,29.52,10
CUST-0015,57,128,60,22,271,79,40,141,8.01,3
CUST-0016,41,130,5,14,67,44,46,109,20.76,2
CUST-0017,20,130,44,7,354,58,43,183,21.76,1
CUST-0018,39,53,27,11,251,55,33,21,18.61,5
CUST-0019,19,130,32,21,47,47,4,194,3.57,7
CUST-0020,41,27,21,11,183,26,44,55,20.63,5
CUST-0021,61,132,8,13,319,52,26,118,2.86,8
CUST-0022,47,102,72,14,186,86,22,146,18.29,13
CUST-0023,55,61,50,14,89,87,39,56,22.45,4
CUST-0024,19,120,67,8,331,72,13,171,7.12,1
CUST-0025,38,25,44,18,138,34,14,34,25.41,7
CUST-0026,50,45,58,25,356,50,42,113,1.88,8
CUST-0027,29,83,3,19,88,83,32,124,25.47,13
CUST-0028,39,78,86,28,273,36,30,128,14.35,9
CUST-0029,61,128,70,21,18,80,34,51,7.31,3
CUST-0030,42,140,2,7,310,94,16,84,4.88,5
CUST-0031,66,52,87,20,357,56,27,197,28.65,14
CUST-0032,44,40,44,18,153,7,18,164,3.11,10
CUST-0033,59,89,2,5,259,78,45,64,6.77,9
CUST-0034,45,131,81,19,107,94,22,178,11.09,7
CUST-0035,33,23,35,24,284,93,31,128,18.99,8
CUST-0036,32,113,98,28,58,19,39,20,16.8,11
CUST-0037,64,94,87,18,124,52,12,180,4.64,4
CUST-0038,68,81,30,3,353,11,19,15,9.4,11
CUST-0039,61,113,8,22,272,48,34,122,7.92,5
CUST-0040,69,114,22,6,106,16,4,60,7.19,10
CUST-0041,20,74,44,27,298,63,8,53,12.92,3
CUST-0042,54,50,58,27,244,41,28,167,21.42,4
CUST-0043,68,59,36,3,335,93,5,25,7.31,6
CUST-0044,24,55,69,21,246,28,24,79,11.63,8
CUST-0045,38,25,77,11,7,18,30,64,12.34,9
CUST-0046,26,85,93,12,140,10,21,99,29.32,10
CUST-0047,56,94,31,2,361,97,1,73,28.69,12
CUST-0048,35,23,47,21,7,49,44,191,24.2,5
CUST-0049,21,98,55,11,351,70,4,170,8.01,13
CUST-0050,42,137,80,1,93,57,26,16,2.97,5
CUST-0051,31,132,62,23,320,33,24,120,10.19,7
CUST-0052,67,113,30,1,38,19,7,186,8.74,10
CUST-0053,26,81,55,26,80,49,0,22,15.67,3
CUST-0054,43,98,16,22,186,87,19,134,23.55,2
CUST-0055,19,45,12,8,83,9,43,171,25.89,13
CUST-0056,37,63,17,0,87,31,22,180,25.5,6
CUST-0057,45,89,16,7,241,51,31,70,11.43,4
CUST-0058,64,137,12,22,341,14,10,107,20.93,1
CUST-0059,24,87,8,5,92,83,38,78,10.07,1
CUST-0060,61,38,84,5,85,2,46,161,2.77,10
CUST-0061,25,39,3,21,43,36,23,45,21.35,5
CUST-0062,64,132,16,24,136,39,10,195,1.28,7
CUST-0063,52,66,30,17,73,71,28,77,12.87,0
CUST-0064,31,20,23,16,35,39,25,15,10.55,14
CUST-0065,34,109,92,28,100,55,15,70,21.11,10
CUST-0066,53,83,5,11,155,22,34,95,23.22,5
CUST-0067,67,57,84,5,254,10,19,146,9.82,11
CUST-0068,57,56,65,25,170,63,45,1,24.54,1
CUST-0069,21,145,30,26,215,7,2,9,9.52,1
CUST-0070,19,119,21,7,169,92,0,177,13.94,6
CUST-0071,23,96,84,18,251,93,46,124,22.08,9
CUST-0072,59,22,70,27,359,55,0,80,21.09,0
CUST-0073,21,29,22,9,321,59,16,139,29.63,5
CUST-0074,46,24,82,0,54,9,1,69,7.53,13
CUST-0075,35,149,72,24,90,38,28,149,20.21,6
CUST-0076,43,32,32,28,277,27,19,31,18.68,13
CUST-0077,61,149,33,12,100,48,5,104,27.54,7
CUST-0078,51,103,16,16,154,35,7,83,5.53,6
CUST-0079,27,84,76,2,348,12,28,128,22.8,5
CUST-0080,53,82,38,7,363,95,47,181,17.48,8
CUST-0081,31,120,98,13,140,35,32,57,8.97,12
CUST-0082,48,92,14,2,172,25,2,197,14.76,2
CUST-0083,65,36,36,15,9,85,34,145,10.68,10
CUST-0084,32,28,97,12,227,3,4,133,17.8,5
CUST-0085,25,57,23,19,264,94,26,44,26.78,3
CUST-0086,31,113,66,23,247,81,43,96,17.51,1
CUST-0087,40,114,85,16,246,63,11,22,19.32,0
CUST-0088,57,68,2,12,154,37,19,22,16.04,11
CUST-0089,38,88,91,28,33,87,44,153,2.48,11
CUST-0090,33,81,73,5,128,86,19,134,7.75,13
CUST-0091,62,97,65,16,159,21,8,78,15.27,0
CUST-0092,35,136,75,13,88,1,38,43,10.0,10
CUST-0093,64,139,67,16,92,30,3,26,6.27,9
CUST-0094,41,95,52,29,326,10,18,25,15.62,2
CUST-0095,43,54,62,7,240,91,37,96,10.36,3
CUST-0096,42,20,23,10,322,45,26,35,8.49,1
CUST-0097,62,59,26,19,116,95,44,108,14.46,12
CUST-0098,58,83,68,27,93,61,42,54,4.87,11
CUST-0099,46,79,82,0,162,68,12,191,27.9,10
CUST-0100,32,83,55,25,98,63,12,184,26.16,10
CUST-0101,62,112,6,6,112,9,21,68,21.52,13
CUST-0102,18,91,35,20,358,39,27,60,4.08,10
CUST-0103,42,30,22,20,90,23,46,129,23.5,0
CUST-0104,24,124,43,16,345,98,44,54,24.43,3
CUST-0105,26,33,15,29,205,43,21,121,23.27,14
CUST-0106,41,79,86,9,16,59,42,96,4.31,6
CUST-0107,18,49,60,10,273,61,18,79,19.67,9
CUST-0108,61,54,12,21,172,86,7,86,25.2,10
CUST-0109,25,24,49,29,115,16,7,37,17.74,5
CUST-0110,41,102,42,8,348,64,41,118,19.75,5
CUST-0111,28,142,38,8,180,94,25,77,14.29,10
CUST-0112,68,97,82,23,90,94,47,156,16.33,8
CUST-0113,34,81,45,4,81,56,25,153,2.0,13
CUST-0114,25,108,35,16,323,54,22,34,19.53,14
CUST-0115,52,61,30,8,113,52,42,78,3.36,1
CUST-0116,52,108,88,16,256,55,12,66,13.62,3
CUST-0117,50,59,30,23,57,97,27,86,9.49,4
CUST-0118,22,91,78,20,153,8,8,156,16.82,0
CUST-0119,59,58,6,18,364,21,19,33,4.87,7
CUST-0120,56,123,67,26,115,12,18,96,21.06,7
CUST-0121,58,33,80,6,342,88,47,168,24.06,5
CUST-0122,45,51,7,22,265,47,38,168,5.74,11
CUST-0123,24,144,52,8,314,17,11,150,4.03,4
CUST-0124,26,116,14,6,202,75,14,70,5.22,7
CUST-0125,25,42,73,12,40,39,30,2,26.44,2
CUST-0126,29,82,15,10,104,16,13,57,16.32,2
CUST-0127,51,72,21,13,192,14,10,31,14.55,1
CUST-0128,50,123,35,18,277,14,25,30,4.09,4
CUST-0129,65,123,66,10,353,78,41,81,19.84,2
CUST-0130,40,58,91,12,236,62,26,42,26.17,2
CUST-0131,41,86,2,13,220,38,10,134,25.02,14
CUST-0132,54,61,35,12,67,12,37,104,19.16,5
CUST-0133,52,34,82,0,196,80,33,0,3.18,7
CUST-0134,61,130,78,7,255,31,42,60,4.26,1
CUST-0135,57,52,20,11,138,8,18,13,2.43,3
CUST-0136,39,57,82,18,311,39,5,179,8.47,10
CUST-0137,44,116,10,11,148,19,45,5,4.93,6
CUST-0138,52,52,25,7,98,89,37,102,8.54,0
CUST-0139,18,105,66,7,75,90,48,9,12.17,0
CUST-0140,52,85,25,28,281,84,41,70,28.35,11
CUST-0141,54,29,54,20,108,81,27,89,18.7,12
CUST-0142,64,24,33,12,187,76,0,157,25.21,9
CUST-0143,31,142,36,11,198,79,34,148,21.6,6
CUST-0144,20,93,95,28,302,72,39,125,4.26,13
CUST-0145,18,116,14,15,326,62,7,187,22.34,6
CUST-0146,22,137,65,0,153,75,46,96,8.98,0
CUST-0147,43,57,80,12,39,43,6,73,19.53,0
CUST-0148,31,66,54,25,132,37,10,114,10.89,3
CUST-0149,56,128,52,6,131,82,38,190,29.93,4
CUST-0150,44,34,3,27,278,59,3,169,8.64,4
CUST-0151,26,24,99,25,361,70,24,50,9.09,3
CUST-0152,32,66,41,4,83,98,11,191,27.99,7
CUST-0153,32,87,6,7,241,47,25,55,1.71,6
CUST-0154,43,95,25,24,115,17,37,40,21.2,8
CUST-0155,59,149,13,26,108,15,45,31,22.03,6
CUST-0156,30,114,98,13,220,54,11,14,25.25,14
CUST-0157,68,134,8,22,40,38,42,61,29.26,9
CUST-0158,49,55,21,29,146,67,36,154,29.29,0
CUST-0159,56,45,98,12,111,58,45,27,2.89,12
CUST-0160,66,62,68,14,102,88,23,63,24.83,13
CUST-0161,69,46,25,22,45,95,15,186,19.74,6
CUST-0162,49,88,79,16,323,61,12,185,19.77,0
CUST-0163,21,30,68,14,270,12,24,129,4.72,6
CUST-0164,47,93,45,19,194,80,3,126,19.86,9
CUST-0165,54,123,60,17,279,5,10,35,29.49,7
CUST-0166,40,57,12,17,282,82,31,113,27.44,10
CUST-0167,56,42,32,1,39,76,48,198,13.73,8
CUST-0168,62,66,96,3,188,59,6,12,2.16,11
CUST-0169,32,109,92,29,163,89,45,14,11.51,2
CUST-0170,60,65,13,0,23,13,10,88,24.97,14
CUST-0171,46,126,31,3,23,94,27,187,21.34,3
CUST-0172,53,123,78,17,3,53,40,21,14.32,3
CUST-0173,30,130,20,4,322,3,22,190,2.6,11
CUST-0174,49,123,18,18,289,38,44,73,13.38,8
CUST-0175,24,79,93,14,180,71,22,24,14.6,12
CUST-0176,68,119,60,27,247,24,49,100,27.93,6
CUST-0177,39,87,63,7,115,76,27,175,19.59,2
CUST-0178,45,139,6,19,278,31,42,170,10.04,9
CUST-0179,19,56,32,16,364,58,46,116,16.23,4
CUST-0180,59,91,93,0,68,62,25,165,2.92,6
CUST-0181,62,146,43,11,350,37,24,40,29.2,7
CUST-0182,23,125,2,25,253,91,28,172,11.44,0
CUST-0183,45,111,60,18,180,52,18,87,14.86,11
CUST-0184,45,50,23,14,317,93,32,167,11.3,1
CUST-0185,61,141,83,8,168,66,35,109,20.79,6
CUST-0186,61,70,31,6,312,27,13,119,20.2,10
CUST-0187,37,48,5,1,248,2,13,96,21.74,14
CUST-0188,47,59,83,28,187,97,34,144,8.78,12
CUST-0189,28,60,34,8,53,79,29,56,10.15,13
CUST-0190,45,30,10,9,325,21,27,129,4.63,12
CUST-0191,42,20,89,1,356,95,16,95,20.01,14
CUST-0192,56,65,2,18,312,37,2,120,2.15,1
CUST-0193,50,120,11,10,137,71,15,61,18.33,6
CUST-0194,18,109,50,12,167,71,45,136,26.22,14
CUST-0195,44,129,31,9,102,61,29,67,26.83,8
CUST-0196,69,76,56,13,84,56,28,80,14.02,10
CUST-0197,30,20,79,17,316,5,44,16,14.32,1
CUST-0198,58,82,73,18,211,77,14,116,3.23,6
CUST-0199,20,74,87,21,2,31,45,49,20.45,3
CUST-0200,56,134,83,8,178,98,24,111,24.82,10
CUST-0201,23,72,9,24,341,9,37,93,8.09,12
CUST-0202,25,76,99,6,302,2,41,167,13.22,1
CUST-0203,44,136,21,27,331,58,46,185,25.33,12
CUST-0204,26,54,73,2,37,75,37,84,26.44,6
CUST-0205,54,82,28,19,238,48,22,148,8.05,12
CUST-0206,50,44,62,5,168,58,24,145,16.97,4
CUST-0207,68,109,7,26,342,30,41,182,6.58,0
CUST-0208,59,94,80,20,313,92,6,156,3.95,4
CUST-0209,61,57,16,1,305,68,21,151,27.42,11
CUST-0210,41,149,97,28,29,61,16,73,24.79,11
CUST-0211,32,110,4,5,189,51,17,108,23.04,2
CUST-0212,49,36,4,2,356,88,48,144,2.41,6
CUST-0213,49,147,40,15,24,40,40,17,25.47,5
CUST-0214,41,127,17,29,111,30,9,41,13.7,7
CUST-0215,58,44,52,7,205,84,9,100,10.93,12
CUST-0216,69,107,93,1,184,83,6,44,16.85,4
CUST-0217,66,48,52,16,46,21,47,81,3.65,1
CUST-0218,66,82,36,8,227,3,49,16,22.94,8
CUST-0219,69,133,38,29,38,12,37,72,17.89,13
CUST-0220,29,68,50,11,15,44,26,13,6.41,10
CUST-0221,56,100,63,2,21,41,32,176,6.46,7
CUST-0222,19,103,63,10,212,48,0,156,6.34,5
CUST-0223,20,124,62,0,309,19,43,131,2.65,12
CUST-0224,66,137,99,22,148,76,33,81,18.05,9
CUST-0225,54,105,7,12,240,80,3,147,25.37,6
CUST-0226,66,82,27,14,271,53,16,119,1.51,8
CUST-0227,34,123,92,25,58,35,3,119,2.42,6
CUST-0228,66,68,86,4,286,96,42,46,17.61,2
CUST-0229,19,90,14,20,201,0,25,106,24.77,5
CUST-0230,19,20,71,29,31,14,3,107,10.48,10
CUST-0231,45,142,86,16,161,76,0,8,11.14,12
CUST-0232,40,81,5,24,254,16,6,78,18.29,10
CUST-0233,54,51,55,22,253,23,29,154,8.95,6
CUST-0234,49,48,2,23,8,57,49,14,1.77,1
CUST-0235,50,68,62,24,138,71,8,18,22.32,2
CUST-0236,18,49,91,5,9,90,34,89,19.14,3
CUST-0237,36,38,21,27,213,22,7,179,17.84,9
CUST-0238,19,37,79,20,272,45,23,25,22.51,5
CUST-0239,61,20,21,21,323,71,18,153,20.58,0
CUST-0240,43,97,10,10,47,7,35,153,6.97,8
CUST-0241,49,134,87,17,110,58,49,173,11.22,4
CUST-0242,23,132,58,3,152,89,42,91,4.66,12
CUST-0243,49,133,39,2,122,58,26,176,4.77,11
CUST-0244,21,82,5,12,356,12,31,81,20.61,13
CUST-0245,28,148,65,22,101,38,13,180,25.9,6
CUST-0246,34,27,13,8,240,27,17,130,28.92,8
CUST-0247,55,74,85,20,320,88,27,193,19.22,8
CUST-0248,41,122,90,5,190,60,28,41,6.34,0
CUST-0249,22,51,85,25,216,15,15,18,4.06,14
CUST-0250,69,29,53,29,50,1,34,16,24.57,0
CUST-0251,51,129,82,27,291,81,46,160,17.78,2
CUST-0252,23,143,45,11,80,16,30,75,18.93,5
CUST-0253,39,106,32,1,87,29,3,176,23.66,1
CUST-0254,28,74,36,2,193,12,36,183,21.4,9
CUST-0255,65,51,81,2,103,95,16,62,25.2,11
CUST-0256,33,112,99,27,270,92,38,130,2.63,10
CUST-0257,50,27,60,11,95,93,47,106,22.68,0
CUST-0258,26,84,11,14,197,81,45,48,25.67,0
CUST-0259,23,76,63,8,0,12,25,54,9.3,12
CUST-0260,33,86,21,22,166,42,47,153,19.57,4
CUST-0261,46,91,52,7,125,84,38,98,10.11,3
CUST-0262,20,73,55,10,312,93,40,199,28.78,0
CUST-0263,37,86,26,15,80,20,3,51,1.97,3
CUST-0264,53,70,68,25,250,54,29,99,17.81,2
CUST-0265,36,116,34,26,168,80,29,116,5.83,1
CUST-0266,43,111,52,24,72,39,21,117,21.65,8
CUST-0267,20,27,82,21,140,82,10,6,6.1,13
CUST-0268,36,54,99,3,69,14,1,45,7.83,14
CUST-0269,37,115,93,27,261,72,43,45,15.34,10
CUST-0270,49,107,52,0,339,51,11,99,27.53,0
CUST-0271,24,97,29,23,307,73,29,143,7.14,6
CUST-0272,69,51,38,6,244,94,35,151,5.18,13
CUST-0273,58,139,42,1,2,52,17,188,23.01,12
CUST-0274,50,65,21,23,336,86,25,53,15.52,3
CUST-0275,57,74,42,27,62,51,6,61,27.44,4
CUST-0276,56,26,13,4,48,29,0,128,5.25,9
CUST-0277,35,93,64,6,75,32,25,48,19.73,4
CUST-0278,57,26,17,3,174,56,22,24,7.75,0
CUST-0279,18,104,9,4,108,51,25,9,5.55,5
CUST-0280,28,131,41,23,182,8,44,117,20.82,12
CUST-0281,45,144,1,0,191,53,5,143,18.22,8
CUST-0282,42,55,2,0,64,0,5,185,22.89,1
CUST-0283,67,48,60,14,336,43,43,199,9.97,6
CUST-0284,40,101,48,19,270,98,7,156,13.99,5
CUST-0285,48,21,29,18,99,74,23,91,12.76,4
CUST-0286,47,148,97,28,31,97,21,133,29.54,3
CUST-0287,59,66,10,9,351,79,18,143,9.48,3
CUST-0288,52,30,58,27,127,8,36,147,9.55,5
CUST-0289,24,149,60,17,338,31,17,79,11.28,3
CUST-0290,33,138,21,27,42,14,30,70,17.37,4
CUST-0291,43,39,28,2,77,11,36,77,8.32,12
CUST-0292,65,24,75,10,313,96,29,42,27.54,5
CUST-0293,69,56,34,14,288,77,41,153,8.7,4
CUST-0294,66,72,8,26,269,56,32,89,26.98,6
CUST-0295,19,118,59,29,161,7,9,77,4.0,8
CUST-0296,18,105,86,10,188,71,36,198,20.04,9
CUST-0297,65,127,72,16,246,26,11,160,27.3,6
CUST-0298,29,43,49,16,215,61,29,25,5.89,6
CUST-0299,22,100,79,5,314,11,26,120,29.08,3
CUST-0300,54,139,17,4,338,64,38,44,14.13,0
CUST-0301,49,78,60,7,167,41,8,62,28.43,13
CUST-0302,26,147,87,1,338,61,20,194,20.63,7
CUST-0303,58,133,88,15,192,10,11,179,9.75,3
CUST-0304,52,134,45,19,282,42,28,67,6.46,0
CUST-0305,36,33,83,23,335,94,32,153,9.81,4
CUST-0306,65,28,69,11,12,16,42,1,3.7,13
CUST-0307,33,59,32,5,239,96,14,141,5.17,13
CUST-0308,20,44,44,0,319,31,1,107,4.04,7
CUST-0309,37,122,65,3,146,92,38,29,13.27,3
CUST-0310,41,41,87,16,203,84,43,48,24.07,12
CUST-0311,50,23,8,12,79,84,17,139,5.1,11
CUST-0312,41,48,77,17,42,39,2,43,4.78,7
CUST-0313,69,128,72,4,88,22,6,160,19.66,7
CUST-0314,28,117,87,29,147,55,42,12,6.72,2
CUST-0315,66,56,43,23,94,5,17,77,3.83,8
CUST-0316,25,94,1,23,150,85,43,125,5.84,2
CUST-0317,53,89,51,26,1,49,37,97,27.79,0
CUST-0318,55,147,24,2,21,36,36,25,24.82,1
CUST-0319,57,104,99,10,312,63,32,148,11.27,14
CUST-0320,37,61,24,12,327,53,43,155,20.02,5
CUST-0321,52,119,17,3,6,71,30,47,16.58,11
CUST-0322,65,60,5,25,205,48,10,167,20.64,9
CUST-0323,42,53,20,26,113,98,3,65,20.8,1
CUST-0324,52,36,21,13,271,10,17,86,19.23,5
CUST-0325,42,141,58,21,82,87,3,78,8.72,13
CUST-0326,46,95,31,10,178,48,48,22,2.13,0
CUST-0327,35,106,11,26,209,20,33,80,14.21,10
CUST-0328,63,136,52,9,327,65,28,47,26.84,12
CUST-0329,35,125,15,18,123,62,23,123,17.52,0
CUST-0330,19,105,83,17,112,82,21,129,25.14,4
CUST-0331,52,46,7,5,11,27,1,83,29.76,9
CUST-0332,33,76,28,26,125,16,43,19,5.74,12
CUST-0333,58,50,51,28,52,5,5,186,21.06,10
CUST-0334,53,117,58,14,330,18,41,45,20.55,8
CUST-0335,50,31,5,20,282,55,24,130,29.42,13
CUST-0336,21,72,5,29,139,27,20,182,29.58,7
CUST-0337,50,141,94,9,96,65,15,11,20.91,2
CUST-0338,31,65,96,4,4,37,30,39,8.06,14
CUST-0339,38,83,8,25,56,36,13,65,24.16,2
CUST-0340,65,149,64,28,333,67,38,99,4.1,14
CUST-0341,37,73,10,4,68,85,27,77,23.64,0
CUST-0342,25,126,38,9,117,89,31,15,27.4,13
CUST-0343,24,70,96,27,58,48,27,82,12.1,2
CUST-0344,20,55,92,4,32,42,48,161,19.29,14
CUST-0345,34,134,81,2,317,35,8,43,13.47,13
CUST-0346,50,45,95,22,49,57,44,133,13.7,11
CUST-0347,65,48,8,5,18,12,21,191,10.0,11
CUST-0348,29,30,25,3,213,51,31,99,23.1,11
CUST-0349,68,59,73,17,196,57,4,21,28.15,12
CUST-0350,39,30,66,27,46,31,22,17,28.28,10
CUST-0351,39,132,79,8,166,80,4,11,6.07,0
CUST-0352,63,58,50,16,288,99,41,179,26.37,7
CUST-0353,47,73,67,28,140,59,31,122,22.39,0
CUST-0354,55,117,49,12,83,82,9,116,8.33,4
CUST-0355,55,74,36,26,181,57,38,50,2.95,8
CUST-0356,62,130,68,14,78,98,14,70,8.77,6
CUST-0357,68,88,78,29,214,55,6,47,27.45,3
CUST-0358,25,75,41,19,13,27,28,18,19.36,10
CUST-0359,44,52,89,16,214,0,46,5,21.91,8
CUST-0360,44,55,62,12,127,41,2,83,8.46,8
CUST-0361,51,100,10,15,309,81,18,154,21.86,1
CUST-0362,38,128,21,21,247,47,9,52,1.82,9
CUST-0363,47,92,36,3,28,39,27,106,11.88,9
CUST-0364,50,59,12,4,279,96,28,100,19.18,10
CUST-0365,45,36,91,4,337,62,14,47,5.24,11
CUST-0366,64,148,2,8,318,75,34,134,24.87,5
CUST-0367,50,80,13,16,201,71,5,186,7.82,3
CUST-0368,22,123,53,12,360,87,11,68,19.92,7
CUST-0369,65,61,32,1,56,79,46,10,12.75,11
CUST-0370,36,44,95,12,217,3,37,142,18.29,10
CUST-0371,21,58,16,21,61,37,12,191,4.12,6
CUST-0372,52,54,32,20,156,26,28,130,1.49,6
CUST-0373,66,127,32,26,201,8,18,121,27.38,10
CUST-0374,34,121,98,22,16,15,2,68,8.82,9
CUST-0375,61,117,11,18,321,55,7,22,24.77,8
CUST-0376,45,31,10,2,5,75,7,180,29.98,12
CUST-0377,47,38,15,9,57,30,19,36,7.13,4
CUST-0378,46,120,17,1,324,87,46,8,8.69,5
CUST-0379,63,63,40,12,317,13,3,14,20.22,0
CUST-0380,23,68,18,18,168,24,20,130,29.0,5
CUST-0381,52,36,55,25,81,33,2,92,27.56,1
CUST-0382,58,93,73,16,218,66,44,197,15.58,5
CUST-0383,54,76,25,20,176,23,7,16,24.06,8
CUST-0384,41,74,59,13,203,72,22,153,4.94,7
CUST-0385,46,66,78,11,70,25,15,148,29.35,8
CUST-0386,66,31,89,20,265,19,12,71,28.97,12
CUST-0387,63,81,22,11,97,63,2,148,5.75,14
CUST-0388,48,99,30,10,344,9,47,120,9.68,9
CUST-0389,52,102,84,6,290,82,8,10,3.9,7
CUST-0390,50,27,85,3,207,66,13,165,8.88,2
CUST-0391,69,100,44,18,1,23,12,71,24.66,7
CUST-0392,38,137,32,0,123,4,6,105,11.97,5
CUST-0393,49,44,51,27,279,66,14,124,3.56,12
CUST-0394,40,108,46,23,73,57,6,34,10.92,5
CUST-0395,50,31,21,28,165,26,37,118,29.46,5
CUST-0396,20,78,99,2,21,79,33,13,19.26,2
CUST-0397,35,128,32,12,153,14,40,13,13.07,9
CUST-0398,42,45,94,14,294,34,21,9,5.83,0
CUST-0399,59,66,39,1,218,75,23,139,29.6,11
CUST-0400,48,51,12,10,156,52,48,37,24.8,13
CUST-0401,20,29,47,3,229,43,36,107,9.16,3
CUST-0402,57,35,18,18,19,25,43,118,3.03,9
CUST-0403,63,45,21,28,40,46,0,33,2.64,11
CUST-0404,41,105,13,16,147,33,9,168,4.49,5
CUST-0405,67,33,21,2,107,86,42,9,17.84,10
CUST-0406,49,98,8,27,83,94,15,121,27.93,11
CUST-0407,64,136,46,17,321,49,45,144,15.41,9
CUST-0408,39,26,7,7,308,83,7,144,25.45,1
CUST-0409,40,134,23,21,289,11,48,194,13.93,6
CUST-0410,19,91,96,24,322,86,24,189,21.55,6
CUST-0411,44,78,75,23,133,3,49,114,22.22,10
CUST-0412,59,101,86,25,206,86,11,0,6.04,3
CUST-0413,19,135,22,18,282,47,24,11,11.48,3
CUST-0414,43,122,89,4,265,54,16,102,19.48,14
CUST-0415,34,36,22,6,72,0,25,3,3.05,0
CUST-0416,57,33,92,20,351,88,45,169,11.48,12
CUST-0417,50,127,29,7,47,65,47,140,16.51,1
CUST-0418,26,64,13,27,325,29,13,97,29.89,8
CUST-0419,60,117,82,4,232,2,40,105,14.76,9
CUST-0420,65,56,2,16,99,20,35,84,24.67,7
CUST-0421,56,127,29,4,58,88,22,120,13.53,7
CUST-0422,46,58,85,3,257,83,42,131,24.1,8
CUST-0423,59,34,79,21,64,48,5,81,18.27,14
CUST-0424,43,139,52,18,82,85,46,196,26.71,6
CUST-0425,52,23,27,26,153,84,4,18,12.92,12
CUST-0426,67,112,50,20,265,61,42,129,18.52,8
CUST-0427,42,35,95,1,308,96,24,11,19.27,9
CUST-0428,41,127,79,10,78,37,17,80,13.1,11
CUST-0429,30,145,23,21,314,14,12,73,5.19,1
CUST-0430,24,74,88,12,149,51,42,97,3.71,5
CUST-0431,53,53,44,14,47,78,13,5,1.48,14
CUST-0432,62,32,77,11,247,45,27,135,26.33,2
CUST-0433,37,37,22,21,277,24,17,124,7.86,10
CUST-0434,18,115,43,20,355,20,27,50,7.13,14
CUST-0435,25,142,37,21,97,87,26,10,22.35,5
CUST-0436,63,58,61,10,24,4,31,190,10.28,2
CUST-0437,33,65,97,6,283,69,46,184,15.68,7
CUST-0438,31,48,56,27,300,46,8,126,5.71,14
CUST-0439,29,81,3,4,67,86,39,139,28.83,10
CUST-0440,68,35,63,16,6,67,31,72,25.7,14
CUST-0441,40,140,19,23,304,90,19,1,26.05,12
CUST-0442,32,29,23,19,136,17,27,7,12.8,3
CUST-0443,45,122,29,8,163,20,32,138,23.11,11
CUST-0444,51,103,30,13,82,91,3,123,5.17,9
CUST-0445,19,84,39,25,137,98,45,52,1.25,5
CUST-0446,49,22,25,11,72,85,33,9,1.58,14
CUST-0447,40,139,8,5,236,22,47,111,18.01,8
CUST-0448,39,87,58,16,45,63,2,7,14.21,1
CUST-0449,68,56,16,18,105,66,25,35,16.02,1
CUST-0450,42,92,72,18,287,39,7,105,1.22,6
CUST-0451,39,68,1,25,261,9,5,13,13.26,14
CUST-0452,39,140,5,15,175,88,15,181,21.82,1
CUST-0453,66,107,3,11,165,51,23,85,13.84,1
CUST-0454,69,56,65,11,144,71,47,148,22.23,3
CUST-0455,59,80,4,19,329,74,38,49,7.76,8
CUST-0456,23,143,99,5,282,60,29,166,24.58,7
CUST-0457,32,58,96,22,53,63,44,19,18.06,1
CUST-0458,60,82,64,25,177,4,12,86,7.11,7
CUST-0459,54,65,98,3,243,52,4,134,7.86,3
CUST-0460,50,107,89,5,340,54,24,136,19.21,1
CUST-0461,25,30,10,10,126,36,19,128,25.07,10
CUST-0462,61,81,21,0,270,55,17,153,13.05,9
CUST-0463,61,96,46,29,131,58,46,165,8.49,6
CUST-0464,22,71,91,23,92,92,17,37,26.14,5
CUST-0465,56,23,27,22,72,68,1,188,20.41,13
CUST-0466,21,78,66,14,247,72,9,43,13.99,9
CUST-0467,23,91,41,26,347,58,44,85,15.15,4
CUST-0468,62,112,13,10,272,1,49,43,6.92,10
CUST-0469,49,82,9,24,42,64,46,73,19.18,0
CUST-0470,69,73,36,18,40,59,11,118,11.4,1
CUST-0471,47,136,86,17,169,50,46,189,29.87,7
CUST-0472,64,129,90,16,211,29,12,121,14.93,0
CUST-0473,52,93,58,18,167,10,49,133,15.09,2
CUST-0474,57,126,54,20,38,91,46,144,17.41,1
CUST-0475,69,76,12,13,244,75,10,50,27.59,4
CUST-0476,33,22,81,26,150,38,18,37,24.22,3
CUST-0477,30,139,78,17,110,89,34,151,14.08,12
CUST-0478,67,25,14,27,46,76,38,50,21.84,6
CUST-0479,59,24,34,18,62,71,25,9,18.0,4
CUST-0480,47,24,53,14,224,62,45,119,15.28,7
CUST-0481,36,73,20,14,68,63,13,199,6.58,3
CUST-0482,34,66,75,3,298,60,44,148,14.45,14
CUST-0483,36,28,16,6,289,53,43,69,8.13,11
CUST-0484,45,118,95,12,295,91,23,84,27.53,5
CUST-0485,43,39,70,2,202,93,40,56,10.73,3
CUST-0486,54,141,56,15,60,72,0,125,28.62,1
CUST-0487,43,80,83,8,317,94,42,38,16.46,0
CUST-0488,40,142,58,7,313,57,21,32,19.31,13
CUST-0489,26,101,4,19,160,84,22,186,16.75,13
CUST-0490,29,81,4,12,330,55,18,17,4.75,0
CUST-0491,18,22,20,16,15,33,17,183,11.9,7
CUST-0492,18,32,10,16,337,30,11,56,3.88,13
CUST-0493,64,139,24,16,93,51,27,95,19.07,3
CUST-0494,51,144,99,0,303,88,27,47,13.96,4
CUST-0495,49,108,26,7,137,75,32,41,23.56,10
CUST-0496,65,92,37,18,337,0,18,26,7.39,7
CUST-0497,42,87,85,5,37,54,27,73,5.77,11
CUST-0498,57,120,54,2,126,21,48,109,12.78,14
CUST-0499,62,117,21,26,274,39,36,179,27.87,6
CUST-0500,18,30,74,4,163,0,25,169,21.6,12
CUST-0501,33,124,38,12,318,64,34,31,13.15,7
CUST-0502,56,86,46,14,76,62,33,25,16.0,12
CUST-0503,22,142,4,13,173,53,34,24,3.44,7
CUST-0504,39,48,60,28,357,41,39,74,29.55,5
CUST-0505,46,95,57,22,320,20,15,22,20.33,9
CUST-0506,20,28,45,15,90,78,37,56,9.28,1
CUST-0507,29,59,20,17,237,80,12,179,17.99,5
CUST-0508,43,44,17,21,263,21,22,125,4.17,13
CUST-0509,33,24,71,28,178,37,21,86,29.01,0
CUST-0510,68,143,4,21,208,98,15,30,6.07,0
CUST-0511,54,57,93,10,72,79,27,63,19.79,10
CUST-0512,39,91,14,2,106,7,47,198,8.12,2
CUST-0513,46,109,3,21,344,61,34,32,21.81,2
CUST-0514,31,56,88,9,294,46,44,1,23.53,10
CUST-0515,45,79,80,9,283,16,45,17,20.53,12
CUST-0516,22,47,58,29,352,16,7,174,18.82,4
CUST-0517,64,100,55,20,181,89,43,160,26.88,0
CUST-0518,66,133,4,15,36,12,21,83,3.28,9
CUST-0519,47,59,24,11,136,16,20,34,10.6,5
CUST-0520,63,64,34,1,337,37,25,178,8.2,6
CUST-0521,69,81,30,8,55,80,39,113,29.65,9
CUST-0522,22,112,82,23,186,77,20,145,12.29,11
CUST-0523,29,134,19,2,340,44,24,109,22.25,12
CUST-0524,33,86,31,23,257,5,40,87,20.86,10
CUST-0525,43,75,60,29,57,34,0,71,7.15,2
CUST-0526,43,59,60,24,362,13,5,124,7.93,3
CUST-0527,65,117,19,29,122,71,22,29,9.16,9
CUST-0528,38,59,49,14,187,60,22,171,12.92,10
CUST-0529,56,110,63,2,229,14,42,52,7.8,9
CUST-0530,53,52,83,18,167,53,42,137,1.57,13
CUST-0531,50,25,22,17,113,26,22,86,26.5,11
CUST-0532,47,99,24,7,251,12,31,179,29.0,14
CUST-0533,54,111,76,25,106,30,29,176,10.91,9
CUST-0534,40,116,30,16,36,34,12,138,10.82,13
CUST-0535,27,78,58,7,334,59,42,193,1.21,9
CUST-0536,22,78,31,6,91,5,17,185,20.73,9
CUST-0537,53,67,64,29,17,68,22,163,24.94,2
CUST-0538,51,32,19,6,353,85,14,160,5.25,0
CUST-0539,69,126,48,2,62,57,32,174,5.63,7
CUST-0540,48,64,45,0,149,48,20,12,23.91,12
CUST-0541,27,108,94,3,138,22,38,39,18.87,9
CUST-0542,36,119,55,24,185,88,22,88,2.3,9
CUST-0543,49,26,55,4,184,33,26,67,19.05,1
CUST-0544,18,64,97,0,204,25,44,41,9.96,0
CUST-0545,22,77,18,14,259,46,43,146,11.69,13
CUST-0546,62,50,63,4,213,4,17,93,23.32,7
CUST-0547,21,42,92,12,255,89,23,18,24.52,6
CUST-0548,33,126,47,7,134,19,46,185,12.61,6
CUST-0549,41,58,75,7,60,5,39,22,28.47,3
CUST-0550,33,101,57,4,362,69,41,53,12.79,10
CUST-0551,19,119,45,27,309,58,6,64,23.38,8
CUST-0552,66,21,33,8,87,63,49,139,15.03,5
CUST-0553,45,96,17,0,323,17,47,23,27.03,1
CUST-0554,49,31,70,3,206,3,19,33,27.33,13
CUST-0555,44,58,4,2,128,16,26,52,3.54,0
CUST-0556,37,32,20,1,310,13,5,135,28.16,0
CUST-0557,41,65,47,7,2,77,26,17,24.94,8
CUST-0558,29,132,91,22,241,12,8,56,23.95,3
CUST-0559,67,36,15,8,120,6,44,111,6.83,4
CUST-0560,52,123,70,1,101,43,30,4,24.35,2
CUST-0561,50,117,47,13,37,14,20,153,25.65,3
CUST-0562,50,107,78,13,340,18,25,157,9.39,11
CUST-0563,68,128,75,3,132,62,39,181,28.62,7
CUST-0564,60,89,9,29,201,34,47,12,2.45,12
CUST-0565,54,93,90,5,347,80,44,82,5.35,3
CUST-0566,29,82,16,10,20,34,12,28,16.59,8
CUST-0567,20,79,69,2,241,18,48,2,17.7,8
CUST-0568,18,98,61,7,108,19,22,89,19.71,5
CUST-0569,50,56,10,2,302,99,19,103,1.49,1
CUST-0570,57,41,50,13,83,34,36,122,28.85,11
CUST-0571,27,115,3,27,82,31,27,185,2.29,9
CUST-0572,60,87,77,12,290,47,16,75,5.15,10
CUST-0573,61,36,94,12,68,43,27,129,1.41,6
CUST-0574,46,31,70,1,128,23,40,107,17.44,8
CUST-0575,30,137,81,12,195,60,1,155,28.04,5
CUST-0576,29,41,51,28,139,16,24,81,20.31,2
CUST-0577,48,139,19,18,282,70,49,76,24.86,13
CUST-0578,63,69,42,26,311,49,40,1,1.39,14
CUST-0579,19,33,35,5,233,64,5,126,16.72,6
CUST-0580,68,48,46,15,22,98,10,134,14.33,4
CUST-0581,67,144,26,1,152,31,37,25,15.47,0
CUST-0582,52,26,69,7,276,35,5,87,3.09,2
CUST-0583,40,48,93,16,60,12,44,15,20.85,4
CUST-0584,34,52,64,22,318,69,10,150,15.59,6
CUST-0585,43,130,37,1,51,57,13,167,23.19,2
CUST-0586,25,98,84,9,343,13,1,187,15.07,5
CUST-0587,46,77,49,27,152,36,39,72,5.33,4
CUST-0588,43,45,21,15,236,78,2,31,19.8,12
CUST-0589,27,48,74,5,310,67,34,14,6.0,0
CUST-0590,43,23,64,27,301,39,32,140,26.3,9
CUST-0591,51,118,5,1,31,58,23,4,18.78,5
CUST-0592,68,58,70,1,54,79,18,73,5.56,13
CUST-0593,58,34,90,25,351,91,17,51,28.91,7
CUST-0594,24,138,4,12,35,15,48,76,16.03,12
CUST-0595,21,48,39,23,109,61,23,168,3.11,12
CUST-0596,67,94,35,14,176,3,44,180,19.18,0
CUST-0597,62,135,1,27,361,44,34,109,8.34,1
CUST-0598,28,51,24,1,313,89,0,177,24.31,13
CUST-0599,46,149,57,6,294,27,35,142,24.72,14
CUST-0600,53,103,70,2,335,95,24,105,29.39,3
CUST-0601,42,41,41,7,96,65,44,126,15.55,11
CUST-0602,38,46,54,22,212,30,48,6,14.19,1
CUST-0603,53,100,46,13,316,2,42,39,22.85,10
CUST-0604,27,145,60,23,136,7,33,155,4.84,8
CUST-0605,54,111,60,29,5,23,24,159,16.86,9
CUST-0606,26,40,57,22,108,14,15,98,16.84,7
CUST-0607,41,66,31,26,34,42,33,142,3.59,7
CUST-0608,52,120,84,21,38,30,28,84,13.12,3
CUST-0609,66,103,24,28,149,72,18,197,25.75,4
CUST-0610,52,25,89,6,117,44,22,64,25.83,3
CUST-0611,65,20,36,20,260,65,18,131,3.88,12
CUST-0612,53,77,85,6,86,7,24,10,3.63,8
CUST-0613,35,143,30,0,75,70,15,107,8.62,12
CUST-0614,66,34,24,16,312,56,8,25,26.37,1
CUST-0615,56,83,30,8,213,79,0,188,4.74,12
CUST-0616,49,44,86,29,284,98,41,164,21.88,10
CUST-0617,41,43,92,20,238,29,18,150,3.93,7
CUST-0618,40,31,7,12,164,73,32,84,19.07,1
CUST-0619,49,37,35,20,86,17,33,167,11.33,0
CUST-0620,54,34,55,18,140,68,15,150,23.88,9
CUST-0621,29,46,92,20,159,92,43,122,7.78,2
CUST-0622,66,91,14,18,45,38,39,143,19.54,8
CUST-0623,30,79,10,24,111,59,17,188,7.83,11
CUST-0624,40,112,80,24,44,97,33,67,21.7,2
CUST-0625,42,72,16,21,246,42,24,103,26.34,8
CUST-0626,52,27,54,16,103,44,44,79,4.68,6
CUST-0627,58,98,95,22,84,22,5,158,26.13,12
CUST-0628,47,46,89,22,133,68,20,52,18.21,9
CUST-0629,34,69,77,29,107,93,5,105,4.69,0
CUST-0630,66,112,70,9,17,5,31,152,13.4,9
CUST-0631,37,43,44,9,93,55,40,43,5.66,4
CUST-0632,65,79,73,3,149,3,47,139,21.31,8
CUST-0633,42,141,45,7,245,92,42,89,23.01,11
CUST-0634,39,65,56,21,288,22,38,100,4.07,14
CUST-0635,30,34,84,19,208,5,30,96,15.68,14
CUST-0636,36,36,82,19,125,31,41,8,24.62,2
CUST-0637,66,145,57,17,234,17,9,11,28.15,8
CUST-0638,53,103,21,13,121,14,29,68,15.89,4
CUST-0639,29,28,68,17,137,39,17,181,28.56,8
CUST-0640,58,82,50,27,114,95,23,181,16.53,9
CUST-0641,36,136,33,13,161,72,8,27,12.43,5
CUST-0642,29,149,91,19,200,73,30,55,25.6,8
CUST-0643,26,107,7,20,233,83,14,98,15.3,6
CUST-0644,24,91,70,23,27,5,3,196,14.69,6
CUST-0645,45,83,15,14,10,62,39,109,15.22,7
CUST-0646,31,91,82,21,205,66,8,76,25.56,6
CUST-0647,48,40,32,29,166,10,44,102,25.13,11
CUST-0648,69,37,75,3,246,42,8,105,12.7,8
CUST-0649,36,83,20,12,46,16,25,108,10.67,10
CUST-0650,64,101,88,26,245,95,3,111,15.27,8
CUST-0651,33,129,15,22,126,3,16,57,17.61,5
CUST-0652,22,114,48,7,146,62,15,77,7.91,6
CUST-0653,52,51,71,17,117,67,14,74,24.02,1
CUST-0654,29,30,21,11,151,80,34,41,15.11,14
CUST-0655,42,64,42,22,71,40,4,165,10.69,8
CUST-0656,69,52,26,13,362,82,4,67,4.1,11
CUST-0657,38,121,14,1,136,4,19,180,7.93,12
CUST-0658,53,30,57,17,174,31,14,32,28.53,0
CUST-0659,40,107,37,23,288,85,17,70,9.85,0
CUST-0660,33,60,58,1,18,69,46,55,5.9,2
CUST-0661,56,95,21,10,194,34,1,104,14.36,11
CUST-0662,62,140,82,8,329,21,28,199,9.91,5
CUST-0663,59,65,69,11,174,64,12,100,2.02,4
CUST-0664,56,99,3,16,353,83,3,50,10.37,14
CUST-0665,31,73,87,14,140,21,41,73,16.78,1
CUST-0666,48,105,90,24,245,10,44,170,17.0,8
CUST-0667,22,111,37,16,92,76,9,120,11.34,13
CUST-0668,52,116,88,25,238,2,30,142,13.97,12
CUST-0669,40,21,49,28,204,8,40,165,29.0,9
CUST-0670,46,52,19,25,47,59,7,142,11.94,13
CUST-0671,60,96,89,17,244,75,2,4,8.49,3
CUST-0672,28,135,85,21,319,86,47,82,8.06,3
CUST-0673,35,122,12,5,316,13,45,181,14.28,4
CUST-0674,64,122,61,16,294,96,8,50,23.03,14
CUST-0675,29,109,41,22,127,17,29,9,6.97,7
CUST-0676,26,141,33,23,343,72,10,139,21.57,9
CUST-0677,27,125,50,17,281,22,34,3,1.61,3
CUST-0678,61,138,68,7,16,73,36,94,13.15,4
CUST-0679,34,68,71,8,70,82,41,145,23.5,11
CUST-0680,55,123,86,5,268,46,12,79,10.82,3
CUST-0681,24,80,33,4,324,68,35,35,17.35,13
CUST-0682,63,142,81,11,281,46,12,24,6.94,5
CUST-0683,30,28,24,24,304,86,11,97,22.52,11
CUST-0684,57,25,61,28,6,29,36,163,2.52,2
CUST-0685,59,92,61,27,313,24,9,100,25.72,7
CUST-0686,26,122,98,10,304,27,8,194,6.75,5
CUST-0687,67,60,28,24,102,97,6,8,26.36,9
CUST-0688,44,133,58,0,308,24,1,60,11.22,4
CUST-0689,19,27,43,10,192,73,22,52,21.96,12
CUST-0690,22,91,41,18,240,77,38,145,10.26,14
CUST-0691,46,111,39,8,61,57,39,170,27.27,1
CUST-0692,54,81,86,26,16,93,38,162,4.67,9
CUST-0693,55,103,49,1,170,40,20,62,6.18,9
CUST-0694,36,81,17,11,24,24,22,120,15.3,6
CUST-0695,25,130,98,3,250,77,28,104,3.38,1
CUST-0696,65,146,70,3,252,98,13,3,6.68,0
CUST-0697,62,26,70,17,206,47,25,92,28.37,6
CUST-0698,18,103,98,14,28,97,4,168,29.32,4
CUST-0699,39,77,65,18,116,9,30,172,11.91,0
CUST-0700,69,41,74,12,281,98,24,177,27.78,14
CUST-0701,34,146,85,18,143,74,30,27,16.8,3
CUST-0702,24,22,5,16,24,10,49,169,8.82,11
CUST-0703,42,146,2,5,309,84,19,79,21.37,12
CUST-0704,62,60,22,15,155,20,43,75,20.11,3
CUST-0705,21,125,57,23,72,85,16,115,29.68,9
CUST-0706,53,33,66,11,119,44,44,68,8.69,6
CUST-0707,23,31,74,18,311,6,1,97,20.49,8
CUST-0708,48,106,98,4,320,80,24,0,2.51,1
CUST-0709,36,31,16,16,92,63,12,166,4.3,11
CUST-0710,61,44,51,25,85,63,38,95,1.11,13
CUST-0711,56,64,39,22,335,1,27,16,29.98,0
CUST-0712,44,141,86,25,363,75,41,111,24.27,1
CUST-0713,27,74,76,28,117,41,5,90,23.81,6
CUST-0714,43,119,88,0,232,81,2,87,15.78,12
CUST-0715,36,138,40,27,198,53,34,162,9.7,9
CUST-0716,56,72,38,26,205,74,17,173,5.39,5
CUST-0717,20,51,60,24,338,15,10,169,9.26,3
CUST-0718,62,70,59,23,146,17,19,166,11.9,0
CUST-0719,30,63,10,22,270,98,4,89,22.93,12
CUST-0720,67,101,99,9,138,58,18,48,16.65,0
CUST-0721,45,56,64,14,180,89,21,189,3.25,4
CUST-0722,37,115,63,22,29,15,18,37,1.52,14
CUST-0723,45,75,49,20,56,5,46,150,3.97,0
CUST-0724,25,124,64,20,231,56,15,149,12.9,11
CUST-0725,58,78,32,10,145,46,23,131,28.06,14
CUST-0726,56,54,7,12,47,47,40,176,19.48,6
CUST-0727,18,112,21,4,193,41,3,58,24.25,12
CUST-0728,20,116,20,0,223,75,14,67,14.52,10
CUST-0729,30,95,26,23,135,59,24,198,11.49,0
CUST-0730,45,68,68,11,21,76,43,129,4.14,0
CUST-0731,66,113,86,10,5,3,34,48,26.4,1
CUST-0732,42,43,15,16,203,1,13,125,23.71,12
CUST-0733,50,56,85,3,238,89,48,158,5.88,13
CUST-0734,55,23,79,14,184,58,18,110,15.86,10
CUST-0735,23,127,86,24,359,26,37,167,15.13,11
CUST-0736,61,145,92,29,291,26,35,47,19.13,9
CUST-0737,62,39,14,8,334,78,6,50,28.44,2
CUST-0738,49,69,27,20,219,71,29,42,17.81,12
CUST-0739,62,115,40,19,115,6,18,97,16.67,10
CUST-0740,64,124,58,18,312,62,48,182,2.46,14
CUST-0741,38,136,28,18,48,45,24,176,2.82,0
CUST-0742,33,117,26,11,172,62,15,123,6.43,14
CUST-0743,38,85,63,4,81,11,46,79,1.94,8
CUST-0744,28,98,66,9,321,12,39,184,22.56,9
CUST-0745,54,25,25,16,332,42,7,110,21.98,7
CUST-0746,53,58,3,4,44,16,17,142,4.95,4
CUST-0747,52,134,72,21,334,62,27,26,25.25,12
CUST-0748,36,144,44,15,19,80,15,195,5.49,10
CUST-0749,37,31,97,6,220,35,18,191,9.73,1
CUST-0750,35,37,42,27,122,84,41,157,8.22,4
CUST-0751,64,59,99,8,233,7,16,163,11.8,5
CUST-0752,58,40,6,2,220,68,44,194,8.39,13
CUST-0753,66,118,39,14,322,89,12,112,15.18,14
CUST-0754,31,45,52,15,338,79,6,85,12.81,0
CUST-0755,32,27,23,17,2,35,26,113,29.61,10
CUST-0756,48,119,89,13,181,27,9,123,2.62,3
CUST-0757,18,106,50,2,205,92,33,48,5.12,8
CUST-0758,20,61,43,11,319,46,35,75,2.53,1
CUST-0759,33,33,19,8,39,75,24,54,19.15,4
CUST-0760,40,97,69,27,58,29,5,55,2.58,0
CUST-0761,28,21,51,6,61,22,23,195,25.26,3
CUST-0762,29,138,11,8,131,15,17,94,15.85,3
CUST-0763,27,56,12,12,59,13,22,43,16.28,5
CUST-0764,49,88,74,17,330,73,5,158,17.29,9
CUST-0765,33,60,8,4,121,70,28,185,5.95,8
CUST-0766,25,81,24,12,106,51,24,86,6.73,2
CUST-0767,55,79,92,3,95,36,16,180,10.25,8
CUST-0768,29,144,41,1,346,28,45,83,18.21,5
CUST-0769,41,130,36,15,234,66,23,150,7.09,6
CUST-0770,45,33,85,8,61,14,10,155,4.37,11
CUST-0771,25,103,72,8,255,99,25,15,29.13,9
CUST-0772,45,149,55,5,48,46,33,164,1.64,1
CUST-0773,53,89,9,10,347,45,27,148,24.28,10
CUST-0774,43,142,47,21,158,51,2,144,23.85,9
CUST-0775,25,108,15,23,123,18,10,36,9.62,13
CUST-0776,67,47,48,21,316,76,37,76,4.93,5
CUST-0777,45,85,82,0,206,20,13,146,5.22,5
CUST-0778,45,24,42,3,47,63,25,157,21.23,1
CUST-0779,54,64,60,12,135,36,47,44,19.64,1
CUST-0780,58,66,84,22,200,26,20,145,23.7,13
CUST-0781,53,50,70,12,249,54,38,61,28.19,1
CUST-0782,44,29,12,12,313,28,29,163,21.07,9
CUST-0783,34,137,2,1,356,19,7,99,5.52,11
CUST-0784,26,33,7,8,317,24,19,51,8.06,0
CUST-0785,50,99,80,23,294,69,47,18,25.42,4
CUST-0786,37,112,3,7,313,62,31,108,7.07,7
CUST-0787,30,29,3,6,208,35,21,43,3.1,1
CUST-0788,45,95,27,3,354,1,6,6,21.4,12
CUST-0789,65,113,40,17,210,21,8,171,12.67,14
CUST-0790,46,124,33,2,191,95,44,116,27.68,4
CUST-0791,30,20,92,27,43,15,0,67,19.86,11
CUST-0792,63,39,1,5,28,17,28,33,3.62,7
CUST-0793,52,27,8,11,58,68,7,193,28.49,9
CUST-0794,23,20,32,11,70,53,3,68,8.5,13
CUST-0795,35,76,48,20,91,99,34,54,10.78,4
CUST-0796,68,83,4,27,264,29,2,9,12.67,1
CUST-0797,22,137,94,7,219,44,44,41,2.49,2
CUST-0798,64,47,70,21,214,18,39,40,15.4,14
CUST-0799,42,140,19,21,276,86,6,196,4.58,5
CUST-0800,19,126,32,0,63,33,26,121,12.63,10
CUST-0801,27,68,9,3,345,12,0,137,11.17,10
CUST-0802,47,139,12,20,291,42,26,9,23.41,4
CUST-0803,67,63,11,27,244,61,15,101,24.29,10
CUST-0804,62,75,46,10,61,92,37,187,5.45,3
CUST-0805,22,130,16,2,331,99,6,127,11.63,3
CUST-0806,50,127,1,12,169,21,43,178,11.83,4
CUST-0807,18,133,63,24,268,51,22,148,5.39,1
CUST-0808,35,97,21,16,266,51,40,135,24.16,8
CUST-0809,49,149,30,21,53,35,10,192,21.51,1
CUST-0810,64,56,13,21,15,72,41,91,6.52,9
CUST-0811,66,39,34,9,7,18,32,112,11.63,1
CUST-0812,28,45,4,20,103,37,49,77,4.07,9
CUST-0813,38,48,28,11,58,69,35,84,19.22,13
CUST-0814,43,20,95,14,312,78,36,29,4.52,8
CUST-0815,42,138,59,20,39,56,40,48,29.59,13
CUST-0816,39,54,27,9,236,19,16,8,23.64,2
CUST-0817,44,78,69,13,93,8,34,144,12.32,14
CUST-0818,66,88,25,12,221,31,47,68,17.78,9
CUST-0819,30,31,3,4,203,3,4,57,27.43,6
CUST-0820,50,39,97,5,137,49,47,184,17.07,3
CUST-0821,51,62,68,23,299,81,31,61,6.06,12
CUST-0822,58,145,25,1,206,4,2,51,11.98,12
CUST-0823,52,69,20,21,335,19,46,188,25.45,5
CUST-0824,18,48,34,16,80,86,34,39,19.68,13
CUST-0825,38,58,26,3,217,74,13,165,19.87,3
CUST-0826,65,57,5,13,1,36,47,170,26.14,9
CUST-0827,23,103,99,9,177,21,30,62,26.93,14
CUST-0828,45,147,61,2,345,57,30,146,27.67,6
CUST-0829,34,145,92,24,278,67,16,49,3.75,0
CUST-0830,22,64,93,2,145,92,23,160,16.78,2
CUST-0831,48,71,9,14,317,43,22,140,22.47,12
CUST-0832,22,99,50,5,223,33,17,77,22.95,2
CUST-0833,55,143,6,16,61,76,49,96,18.59,0
CUST-0834,20,138,83,11,293,41,13,189,5.84,5
CUST-0835,40,27,60,21,238,8,49,42,24.13,14
CUST-0836,54,104,44,19,194,94,14,176,21.88,12
CUST-0837,54,148,11,23,165,6,14,35,3.5,10
CUST-0838,27,27,66,28,221,67,5,121,14.45,13
CUST-0839,27,115,47,10,60,18,26,107,6.05,8
CUST-0840,36,121,73,24,128,93,14,9,10.79,7
CUST-0841,34,24,85,3,172,30,49,94,1.52,10
CUST-0842,38,105,88,25,155,34,35,5,12.61,6
CUST-0843,31,53,98,27,109,56,7,56,16.95,9
CUST-0844,26,74,86,25,268,84,14,128,18.97,7
CUST-0845,63,138,3,5,355,60,2,70,20.24,5
CUST-0846,18,133,76,0,277,30,46,185,25.25,8
CUST-0847,68,45,92,19,73,82,12,20,7.25,2
CUST-0848,62,66,30,22,206,94,40,91,4.49,14
CUST-0849,30,132,90,27,278,52,33,126,25.69,9
CUST-0850,21,95,21,15,325,31,23,79,5.54,9
CUST-0851,18,91,28,14,339,65,39,55,29.27,8
CUST-0852,66,108,90,16,356,58,31,115,25.43,3
CUST-0853,57,65,62,7,339,9,31,147,15.53,6
CUST-0854,49,52,33,27,203,1,29,181,29.46,14
CUST-0855,51,20,85,25,160,65,48,24,3.82,12
CUST-0856,45,50,35,11,27,59,12,155,9.79,8
CUST-0857,48,72,52,26,256,87,0,4,19.51,1
CUST-0858,25,67,34,21,164,16,33,119,11.15,1
CUST-0859,56,88,41,20,62,95,14,20,27.92,8
CUST-0860,43,124,51,9,21,15,43,17,2.9,11
CUST-0861,51,109,47,26,69,15,13,174,16.93,12
CUST-0862,20,82,82,14,95,45,28,197,18.14,2
CUST-0863,67,92,58,29,162,38,33,56,19.93,8
CUST-0864,29,108,75,8,78,30,17,92,8.41,12
CUST-0865,18,32,57,1,4,87,6,18,11.57,14
CUST-0866,61,92,23,4,315,0,28,127,25.47,4
CUST-0867,22,96,48,5,119,10,30,96,6.65,5
CUST-0868,47,87,22,6,301,84,24,192,24.98,1
CUST-0869,47,117,17,20,177,3,37,130,17.32,7
CUST-0870,34,144,69,24,175,70,13,169,23.1,10
CUST-0871,65,121,11,0,216,25,7,20,21.69,8
CUST-0872,64,121,94,22,55,49,26,39,7.02,1
CUST-0873,40,38,15,25,186,11,1,66,17.5,5
CUST-0874,32,101,91,6,231,94,16,152,26.16,5
CUST-0875,54,42,35,19,254,80,36,126,13.53,7
CUST-0876,38,102,33,24,103,96,13,54,29.03,9
CUST-0877,31,128,84,29,76,74,24,179,14.11,11
CUST-0878,19,94,16,11,229,91,29,171,5.14,4
CUST-0879,28,148,34,15,257,95,28,108,12.29,8
CUST-0880,68,107,66,15,263,64,19,97,28.6,0
CUST-0881,56,73,99,10,330,46,20,183,10.27,8
CUST-0882,55,108,40,20,181,91,21,182,26.17,9
CUST-0883,51,84,28,3,255,52,34,111,26.56,6
CUST-0884,55,95,47,12,37,70,36,197,11.16,3
CUST-0885,67,79,39,6,175,1,15,114,3.41,2
CUST-0886,51,112,70,3,26,23,49,116,22.01,13
CUST-0887,35,68,73,14,275,3,48,86,10.03,9
CUST-0888,47,54,20,18,139,18,42,80,23.7,14
CUST-0889,32,121,1,8,298,25,16,65,13.84,10
CUST-0890,44,30,72,10,286,74,15,18,15.07,13
CUST-0891,68,118,87,7,90,39,1,134,23.56,5
CUST-0892,51,129,63,0,60,49,3,117,12.09,11
CUST-0893,69,93,67,22,364,42,20,190,13.85,12
CUST-0894,55,28,4,24,346,74,38,41,11.91,0
CUST-0895,50,22,58,23,162,66,33,41,11.65,2
CUST-0896,41,104,25,7,350,11,29,58,16.25,1
CUST-0897,32,45,47,12,142,66,5,19,24.46,10
CUST-0898,47,91,38,21,252,26,16,72,11.49,12
CUST-0899,59,67,15,26,268,53,38,16,16.2,8
CUST-0900,68,136,63,3,290,65,24,26,20.45,2
CUST-0901,34,31,21,7,186,48,4,174,8.81,12
CUST-0902,22,67,99,2,303,15,4,1,9.05,1
CUST-0903,46,56,57,28,290,1,19,62,28.07,3
CUST-0904,21,63,53,8,85,59,15,61,21.98,14
CUST-0905,27,34,46,28,165,53,40,99,17.74,13
CUST-0906,34,62,14,1,113,29,36,18,19.78,1
CUST-0907,27,106,76,1,355,83,39,16,1.85,0
CUST-0908,34,89,17,27,182,37,8,68,18.92,5
CUST-0909,37,65,39,12,206,27,4,166,15.78,14
CUST-0910,41,127,9,14,255,24,41,116,16.83,9
CUST-0911,22,142,99,27,234,95,1,198,11.42,7
CUST-0912,51,40,77,22,354,9,8,80,3.36,9
CUST-0913,23,126,79,11,2,59,42,38,6.61,9
CUST-0914,19,99,82,25,207,41,35,35,28.57,1
CUST-0915,30,66,97,3,196,39,21,167,12.85,13
CUST-0916,60,136,6,25,340,96,21,172,14.53,8
CUST-0917,60,143,91,7,124,76,21,131,2.53,14
CUST-0918,65,44,23,8,137,41,33,152,2.09,12
CUST-0919,28,55,59,22,338,46,28,196,21.8,2
CUST-0920,68,70,91,4,24,36,37,157,16.6,7
CUST-0921,64,34,98,23,67,79,45,195,15.75,11
CUST-0922,40,87,46,19,60,21,32,28,8.05,7
CUST-0923,33,40,38,17,28,56,17,195,22.6,14
CUST-0924,48,38,14,10,18,83,6,50,5.88,2
CUST-0925,28,53,72,14,170,26,0,151,6.51,2
CUST-0926,33,97,62,27,73,40,32,13,14.36,11
CUST-0927,25,144,35,21,60,79,0,68,9.3,14
CUST-0928,21,136,19,8,152,33,23,145,8.18,5
CUST-0929,57,71,30,16,275,31,3,169,19.71,0
CUST-0930,21,46,78,26,47,89,3,56,19.88,3
CUST-0931,42,54,84,25,210,88,17,11,24.91,0
CUST-0932,20,125,25,11,342,65,26,16,13.11,13
CUST-0933,49,21,40,6,138,11,42,29,3.12,2
CUST-0934,20,96,88,9,109,39,31,87,8.94,8
CUST-0935,44,109,14,24,182,72,32,98,29.42,13
CUST-0936,46,108,26,25,27,75,27,22,18.29,13
CUST-0937,49,113,87,24,196,89,41,128,21.58,4
CUST-0938,67,26,22,9,190,72,40,78,1.21,11
CUST-0939,68,114,48,26,314,9,35,31,16.03,4
CUST-0940,36,127,83,12,50,95,5,8,2.09,10
CUST-0941,38,93,51,18,148,97,15,14,17.51,3
CUST-0942,22,58,3,10,267,47,33,155,27.7,2
CUST-0943,35,90,42,12,49,19,22,151,29.08,4
CUST-0944,45,75,19,20,245,38,49,187,16.68,14
CUST-0945,59,61,73,7,112,59,41,162,14.29,13
CUST-0946,39,55,28,7,169,65,23,26,28.41,10
CUST-0947,38,103,84,3,165,64,48,108,20.53,3
CUST-0948,23,137,45,14,13,50,12,75,2.88,7
CUST-0949,18,26,71,27,202,35,17,147,14.51,3
CUST-0950,22,73,78,10,287,23,12,64,7.97,10
CUST-0951,58,148,63,10,188,26,48,176,14.62,11
CUST-0952,29,139,73,0,154,1,36,108,14.21,7
CUST-0953,43,125,19,16,54,30,42,128,17.88,5
CUST-0954,63,66,47,14,181,56,38,9,11.35,14
CUST-0955,51,142,14,19,209,77,41,46,5.76,13
CUST-0956,66,138,38,5,74,65,16,122,15.61,11
CUST-0957,31,137,53,23,276,28,14,58,25.08,10
CUST-0958,43,40,61,21,132,14,17,95,20.26,4
CUST-0959,62,45,36,27,342,11,22,189,10.81,3
CUST-0960,44,28,40,24,58,27,29,102,28.13,3
CUST-0961,26,34,81,14,344,83,33,123,27.45,11
CUST-0962,43,29,30,8,181,23,3,85,7.07,3
CUST-0963,64,141,9,13,338,20,2,145,2.14,10
CUST-0964,39,140,64,17,320,9,6,111,22.5,12
CUST-0965,64,144,33,25,63,77,17,173,25.0,12
CUST-0966,47,91,52,16,326,17,41,159,29.07,8
CUST-0967,60,68,89,17,259,87,6,26,26.81,3
CUST-0968,65,110,14,4,192,13,39,17,18.42,11
CUST-0969,34,56,75,19,142,33,5,166,16.37,8
CUST-0970,43,87,53,19,103,57,21,176,1.81,12
CUST-0971,53,69,99,8,213,75,0,81,8.15,9
CUST-0972,18,38,59,10,241,21,3,171,14.33,5
CUST-0973,25,119,78,23,208,69,45,71,19.23,9
CUST-0974,66,79,94,21,92,35,48,53,17.16,12
CUST-0975,52,108,41,0,141,44,49,161,22.54,6
CUST-0976,69,88,68,17,111,35,42,70,9.11,11
CUST-0977,32,68,68,5,58,21,28,163,17.38,9
CUST-0978,64,127,92,26,42,77,20,145,3.56,2
CUST-0979,39,138,8,1,206,79,25,37,13.0,7
CUST-0980,31,56,2,14,267,60,13,186,22.75,2
CUST-0981,43,30,86,28,295,99,8,136,21.11,0
CUST-0982,45,97,41,25,117,55,46,199,29.73,12
CUST-0983,40,96,55,20,19,88,11,178,9.06,12
CUST-0984,31,21,16,13,221,95,41,34,15.45,9
CUST-0985,41,83,93,4,165,32,5,81,10.56,11
CUST-0986,19,54,62,5,130,44,19,132,13.78,4
CUST-0987,62,26,48,5,155,35,23,141,25.85,1
CUST-0988,43,104,30,29,183,19,26,157,20.84,9
CUST-0989,31,86,12,21,89,17,37,3,26.59,13
CUST-0990,68,61,35,29,93,37,7,166,6.9,5
CUST-0991,24,137,11,17,12,66,0,191,26.33,12
CUST-0992,20,144,64,13,321,22,48,152,2.73,9
CUST-0993,64,43,50,9,292,95,48,155,26.77,8
CUST-0994,40,65,85,13,229,15,23,193,10.54,0
CUST-0995,63,38,21,12,321,58,46,149,10.12,13
CUST-0996,60,87,69,29,291,68,6,158,15.85,12
CUST-0997,64,121,48,2,25,67,18,22,28.28,3
CUST-0998,62,61,20,29,74,20,21,47,2.39,14
CUST-0999,35,51,67,5,363,77,34,147,11.21,0
CUST-1000,55,128,44,28,298,94,29,124,25.84,0
